<beans xmlns="http://www.springframework.org/schema/beans"
	xmlns:xsi="http://www.w3.org/2001/XMLSchema-instance"
	xmlns:context="http://www.springframework.org/schema/context"
	xsi:schemaLocation=" http://www.springframework.org/schema/beans http://www.springframework.org/schema/beans/spring-beans-3.1.xsd http://www.springframework.org/schema/context http://www.springframework.org/schema/context/spring-context-3.1.xsd ">

<bean id="miInforme" class="com.jnieto.IoC.Informe"></bean>

<bean id="miEmpleado" class="com.jnieto.IoC.DirectorEmpleado">
    <constructor-arg ref="miInforme"></constructor-arg>
</bean>

<bean id="miSecretarioEmpleado" class="com.jnieto.IoC.SecretarioEmpleado">
    <property name="informeNuevo" ref="miInforme"></property>
</bean>










</beans>
